학교명,도로명상세주소
선화예술중학교,"/ 선화예술중고등학교 (능동)"
서울숭신초등학교,(하왕십리동)
행당중학교,(행당동/행당중학교)
한양대학교사범대학부속중학교,(사근동/한양사대부속중?고등학교)
자양중학교,(자양동/서울자양중학교)
용곡중학교,(중곡동/용곡중학교)
옥정중학교,"/ 옥정중학교 (옥수동)"
양진중학교,"/ 양진중학교"
신양중학교,"/ 신양중학교 (자양동)"
성원중학교,"(성수동2가/ 성원중학교)"
성수중학교,"(성수동1가/ 성수중학교)"
무학중학교,(행당동)
마장중학교,"/ 마장중학교 (마장동)"
대원국제중학교,"/ 대원국제중학교 (중곡동)"
동마중학교,(마장동)
동국대학교사범대학부속여자중학교,"/ 동국대학교사범대학부속여자중학교 (구의동)"
구의중학교,(화양동)
광희중학교,"/ 광희중학교 (응봉동)"
광진중학교,(자양동/광진중학교)
광장중학교,"/ 광장중학교 (광장동)"
광양중학교,(자양동)
광남중학교,"/ 광남중학교 (광장동)"
경일중학교,(성수동1가)
경수중학교,(성수동2가)
건국대학교사범대학부속중학교,건국대학교사범대학부속중학교
한양초등학교,"/ 한양초등학교 (사근동)"
세종초등학교,"/ 세종초등학교 (군자동)"
성동초등학교,(자양동)
서울행현초등학교,(행당동)
서울행당초등학교,"/ 서울행당초등학교 (행당동)"
서울중마초등학교,(중곡동)
서울중광초등학교,(중곡동/중광초등학교)
서울장안초등학교,(군자동)
서울자양초등학교,(자양동)
서울응봉초등학교,"(응봉동/ 응봉초등학교)"
서울용마초등학교,(중곡동)
서울용답초등학교,"/ 서울용답초등학교"
서울용곡초등학교,"/ 서울용곡초등학교 (중곡동)"
서울옥정초등학교,(옥수동/옥정초등학교)
서울옥수초등학교,"/ 옥수초등학교 (금호동4가)"
서울양진초등학교,(광장동/양진초중학교)
서울양남초등학교,"/ (자양동/ 서울양남초등학교)"
서울신자초등학교,"/ 서울신자초등학교 (자양동)"
서울신양초등학교,"/ 신양초등학교 (자양동)"
서울송원초등학교,(송정동)
서울성자초등학교,"/ 서울성자초등학교 (자양동)"
서울성수초등학교,(성수동2가)
서울사근초등학교,"(사근동/ 사근초등학교)"
서울무학초등학교,"/ 서울무학초등학교 (하왕십리동)"
서울마장초등학교,"/ 서울마장초등학교 (마장동)"
서울동호초등학교,"(옥수동/ 동호초등학교)"
서울동자초등학교,(자양동)
서울동의초등학교,(구의동/서울동의초등학교)
서울동명초등학교,"/ 서울동명초등학교 (마장동)"
서울금호초등학교,"/ 서울금호초등학교 (금호동2가)"
서울금옥초등학교,"(금호동4가/ 서울금옥초등학교)"
서울금북초등학교,"/ 서울금북초등학교 (금호동1가)"
서울구의초등학교,"/ 서울구의초등학교 (화양동)"
서울구남초등학교,"/ 서울구남초등학교 (구의동)"
서울광진초등학교,"/ 서울광진초등학교 (구의동)"
서울광장초등학교,"/ 서울광장초등학교 (광장동)"
서울광남초등학교,(광장동)
서울경일초등학교,(성수동1가)
서울경수초등학교,(성수동2가/경수초등학교)
서울경동초등학교,(성수동1가/경동초등학교)
경복초등학교,"/ 경복초등학교 (능동)"
중앙대학교사범대학부속중학교,"/ 중앙대학교사범대학부속중학교 (흑석동)"
장승중학교,"/ 장승중학교 (상도동)"
인헌중학교,"/ 인헌중학교 (봉천동)"
영등포중학교,"/ 영등포중학교 (대방동)"
신림중학교,(신림동/신림중학교)
신관중학교,"/ (신림동 신관중학교)"
숭의여자중학교,(대방동)
성보중학교,"성보중학교 (신림동)"
성남중학교,(대방동)
서울문영여자중학교,(봉천동)
상현중학교,(상도동)
상도중학교,"/ 상도중학교 (사당동)"
삼성중학교,(신림동/삼성중학교)
사당중학교,"/ 사당중학교 (사당동)"
봉원중학교,"/ 봉원중학교 (봉천동/봉원중학교)"
봉림중학교,(봉천동)
미성중학교,(신림동)
문창중학교,(신대방동)
동작중학교,(동작동)
동양중학교,"/ 동양중학교 (흑석동)"
대방중학교,"(신대방동/ 대방중학교)"
당곡중학교,"/ 당곡중학교 (봉천동)"
남성중학교,(사당동/남성중학교)
남서울중학교,"/ 남서울중학교 (신림동)"
남강중학교,(신림동/남강중고등학교)
난우중학교,"/ 난우중학교 (신림동)"
국사봉중학교,"/ 국사봉중학교 (상도동)"
구암중학교,(봉천동)
광신중학교,"/ 광신중학교 (신림동)"
관악중학교,"/ 관악중학교 (봉천동)"
강현중학교,"/ 강현중학교 (상도동)"
강남중학교,"(대방동/ 강남중학교)"
중앙대학교사범대학부속초등학교,"(흑석동/ 중앙대부속초등학교)"
서울흑석초등학교,"/ 서울흑석초등학교 (흑석동)"
서울행림초등학교,(사당동/행림초등학교)
서울청룡초등학교,(봉천동)
서울조원초등학교,(신림동)
서울인헌초등학교,(봉천동)
서울은천초등학교,(봉천동)
서울은로초등학교,"/ 서울은로초등학교 (흑석동)"
서울원신초등학교,"/ 원신초등학교 (신림동)"
서울원당초등학교,(봉천동)
서울영화초등학교,"/ 서울영화초등학교 (대방동)"
서울영본초등학교,"/ 서울영본초등학교 (본동)"
서울신우초등학교,"/ 신우초등학교 (신림동)"
서울신성초등학교,"/ 서울신성초등학교 (신림동)"
서울신상도초등학교,(상도동/서울신상도초등학교)
서울신봉초등학교,(봉천동)
서울신림초등학교,"/ 서울신림초등학교 (신림동)"
서울신남성초등학교,(사당동)
서울신길초등학교,(대방동)
서울상현초등학교,(상도동)
서울상도초등학교,(상도동/상도초등학교)
서울삼일초등학교,"/ 서울삼일초등학교 (사당동)"
서울삼성초등학교,"/ 삼성초등학교 (신림동)"
서울사당초등학교,"/ 서울사당초등학교 (남현동)"
서울봉현초등학교,(봉천동/서울봉현초등학교)
서울봉천초등학교,"/ 서울봉천초등학교 (봉천동/봉천초등학교)"
서울본동초등학교,"/ 서울본동초등학교 (본동)"
서울보라매초등학교,"/ 서울보라매초등학교 (신대방동)"
서울미성초등학교,"/ 서울미성초등학교 (신림동)"
서울문창초등학교,(신대방동/서울문창초등학교)
서울동작초등학교,"/ 서울동작초등학교 (사당동)"
서울대림초등학교,(대방동)
서울당곡초등학교,"/ 23 (봉천동/당곡초등학교)"
서울노량진초등학교,(노량진동)
서울남성초등학교,"(사당동/ 서울남성초등학교)"
서울남사초등학교,(사당동)
서울남부초등학교,"/ 서울남부초등학교 (신림동)"
서울난향초등학교,(신림동/난향초등학교)
서울난우초등학교,(신림동/난우초등학교)
서울난곡초등학교,"(신림동/ 난곡초등학교)"
서울구암초등학교,"/ 서울구암초등학교 (봉천동)"
서울관악초등학교,"/ 관악초등학교 (봉천동/관악초등학교)"
서울강남초등학교,(상도1동)
상일중학교,"(상일동/ 상일여자중학교)"
위례솔중학교,"/ 위례솔중학교 (거여동)"
서울위례솔초등학교,"/ 12"
강빛중학교,"(강일동/ 강빛초중통합학교)"
서울강빛초등학교,"(강일동, 강빛초중통합학교)"
서울고현초등학교,"/ 서울고현초등학교"
해누리중학교,"/ 해누리중학교 (가락동)"
서울해누리초등학교,(가락동)
서울강솔초등학교,"/ 서울강솔초등학교 (강일동)"
서울위례별초등학교,"/ 서울위례별초등학교 (장지동)"
한영중학교,"/ 한영중학교 (상일동)"
한산중학교,(둔촌동)
풍성중학교,"(풍납동/ 풍성중학교)"
풍납중학교,(풍납동)
천호중학교,(천호동)
천일중학교,(천호동/천일중학교)
정신여자중학교,"/ 정신여자중학교 (잠실동)"
잠실중학교,(신천동)
잠신중학교,"/ 잠신중학교 (잠실동)"
일신여자중학교,(송파동/일신여자중학교)
오주중학교,"(오금동/ 오주중학교)"
오륜중학교,(방이동/오륜중학교)
오금중학교,(오금동/오금중학교)
영파여자중학교,(풍납동)
아주중학교,"/ 아주중학교 (잠실동)"
신천중학교,"/ 신천중학교 (잠실동)"
신암중학교,"/ 신암중학교 (암사동)"
신명중학교,(길동)
송파중학교,"(가락동/ 송파중학교)"
송례중학교,(장지동)
세륜중학교,(오금동/세륜중학교)
성덕여자중학교,"(천호동/ 성덕여자중학교)"
성내중학교,(성내동/성내중학교)
석촌중학교,(가락동)
서울체육중학교,"/ 서울체육중학교 (방이동)"
보인중학교,"(오금동/ 보인중고등학교)"
보성중학교,(방이동/보성중고등학교)
배재중학교,"(고덕동/ 배재중학교)"
배명중학교,(삼전동/배명중고등학교)
방이중학교,(방이동/방이중학교)
방산중학교,"(방이동/ 방산중학교)"
문현중학교,"(장지동/ 문현중학교)"
문정중학교,"(문정동/ 문정중학교)"
명일중학교,(고덕동/명일중학교)
둔촌중학교,(둔촌동)
동신중학교,"(천호동/ 동신중학교)"
동북중학교,(둔촌동)
고덕중학교,(고덕동)
거원중학교,(거여동/거원중학교)
강일중학교,(암사동414-17)
강명중학교,"(강일동/ 강명중학교)"
강동중학교,"/ 강동중학교 (강일동)"
가원중학교,(가락동/가원중학교)
가락중학교,(송파동/가락중학교)
서울한산초등학교,"(서울한산초등학교/ 둔촌동)"
서울풍성초등학교,"/ (풍납동/풍성초등학교)"
서울풍납초등학교,(풍납동)
서울평화초등학교,"/ 서울평화초등학교 (가락동)"
서울토성초등학교,"/ 서울토성초등학교 (풍납동)"
서울천호초등학교,(천호동/서울천호초등학교)
서울천일초등학교,"/ 서울천일초등학교 (천호동)"
서울천동초등학교,"/ 서울천동초등학교 (길동)"
서울중대초등학교,(송파동)
서울잠현초등학교,"/ 서울잠현초등학교 (신천동)"
서울잠전초등학교,"/ 서울잠전초등학교 (잠실동)"
서울잠일초등학교,"/ 서울잠일초등학교 (잠실동)"
서울잠실초등학교,(신천동/잠실초등학교)
서울잠신초등학교,"/ 서울잠신초등학교 (잠실동)"
서울잠동초등학교,"(신천동/ 잠동초등학교)"
서울위례초등학교,(둔촌동)
서울오륜초등학교,"/ 서울오륜초등학교 (방이동)"
서울오금초등학교,"(오금동/ 서울오금초등학교)"
서울영풍초등학교,"/ 서울영풍초등학교 (거여동)"
서울아주초등학교,"/ 서울아주초등학교 (잠실동)"
서울신천초등학교,"(잠실동/ 주공아파트)"
서울신암초등학교,"/ 서울신암초등학교 (암사동)"
서울신명초등학교,"/ 서울신명초등학교 (길동)"
서울신가초등학교,"/ 서울신가초등학교 (가락동)"
서울송파초등학교,(송파동)
서울송전초등학교,(잠실동)
서울송례초등학교,(장지동)
서울세륜초등학교,"/ 서울세륜초등학교 (방이동)"
서울성일초등학교,"/ 서울성일초등학교 (성내동)"
서울성내초등학교,"(성내동/ 서울성내초등학교)"
서울선사초등학교,"/ 서울선사초등학교 (암사동/ 서울선사초등학교)"
서울선린초등학교,"/ 서울선린초등학교 (둔촌동)"
서울석촌초등학교,"/ 서울석촌초등학교 (석촌동)"
서울상일초등학교,(상일동)
서울삼전초등학교,(삼전동)
서울버들초등학교,"/ 서울버들초등학교 (잠실동)"
서울방이초등학교,"/ 서울방이초등학교 (방이동)"
서울방산초등학교,(방이동)
서울문현초등학교,"/ (서울문현초등학교) (장지동)"
서울문정초등학교,"/ 문정초등학교 (문정동)"
서울문덕초등학교,(문정동)
서울묘곡초등학교,(고덕동)
서울명일초등학교,"(암사동/ 서울명일초등학교)"
서울명원초등학교,"/ 서울명원초등학교 (명일동)"
서울명덕초등학교,"/ 서울명덕초등학교 (고덕동)"
서울마천초등학교,"/ 서울마천초등학교 (마천동)"
서울둔촌초등학교,"/ 서울둔촌초등학교 (둔촌동)"
서울대명초등학교,(명일동/서울대명초등학교)
서울남천초등학교,(마천동)
서울길동초등학교,"/ 서울길동초등학교 (길동)"
서울고일초등학교,"/ 서울고일초등학교 (상일동)"
서울고명초등학교,"/ 서울고명초등학교 (명일동)"
서울고덕초등학교,"/ 고덕초등학교 (고덕동)"
서울거원초등학교,(거여동/거원초등학교)
서울거여초등학교,"(오금동/ 거여초등학교)"
서울개롱초등학교,"/ 서울개롱초등학교 (오금동)"
서울강일초등학교,"/ 서울강일초등학교 (강일동)"
서울강명초등학교,(상일동)
서울강동초등학교,(천호동/서울강동초등학교)
서울강덕초등학교,"(고덕동/ 서울강덕초등학교)"
서울가주초등학교,"/ 서울가주초등학교 (가락동/ 가주초등학교)"
서울가원초등학교,"(문정동/ 가원초등학교)"
서울가락초등학교,"(가락동/ 가락초등학교)"
서울가동초등학교,(가락동)
솔샘중학교,"(미아동/ 솔샘중.고등학교)"
서울대학교사범대학부설중학교,(종암동)
숭곡중학교,"/ 숭곡중학교 (하월곡동)"
영훈국제중학교,(미아동/학교법인영훈학원)
홍익대학교사범대학부속중학교,"/ 홍익대학교사범대학부속중학교 (성북동/홍익대학교부속중고등학교)"
한성여자중학교,(삼선동2가/한성여자중학교)
창문여자중학교,"(송중동/ 창문여자중고등학교)"
신일중학교,(미아동/신일중고등학교)
성암여자중학교,(미아동/학교법인성암학원)
성신여자중학교,(돈암동/성신여자중학교)
서라벌중학교,"/ 서라벌중학교 (우이동)"
동구여자중학교,(성북동/동구여자중학교)
남대문중학교,"(장위동/ 남대문중학교)"
고명중학교,(돈암동/고명중학교)
고려대학교사범대학부속중학교,(정릉동/고려대학교사범대학부속중학교)
길음중학교,"/ 길음중학교 (길음동)"
화계중학교,(수유동)
종암중학교,(종암동/종암중학교)
장위중학교,(장위동/장위중학교)
인수중학교,"(수유동/ 인수중학교)"
월곡중학교,(상월곡동/월곡중학교)
용문중학교,"(안암동2가/ 용문중고등학교)"
수유중학교,(수유동/수유중학교)
수송중학교,(번동/수송중학교)
석관중학교,(석관동/석관중학교)
삼선중학교,(동소문동4가/삼선중학교)
삼각산중학교,"/ 삼각산중학교 (미아동)"
북악중학교,(정릉동/북악중학교)
번동중학교,(번동/번동중학교)
개운중학교,(돈암동/개운중학교)
강북중학교,"(수유동/ 강북중학교)"
우촌초등학교,(돈암동/우촌초등학교)
영훈초등학교,(미아동/학교법인영훈학원)
성신초등학교,(돈암동/성신초등학교)
매원초등학교,(돈암동)
대광초등학교,(보문동7가/대광초등학교)
광운초등학교,"/ 광운초등학교 (장위동/ 광운초등학교)"
서울화계초등학교,(미아동)
서울청덕초등학교,(정릉동/서울청덕초등학교)
서울정수초등학교,(정릉동/서울정수초등학교)
서울정릉초등학교,(정릉동/서울정릉초등학교)
서울정덕초등학교,(동소문동7가/서울정덕초등학교)
서울장위초등학교,(장위동/서울장위초등학교)
서울장월초등학교,"(장위동/ 서울장월초등학교)"
서울장곡초등학교,(장위동/서울장곡초등학교)
서울일신초등학교,(종암동/서울일신초등학교)
서울인수초등학교,(수유동/서울인수초등학교)
서울유현초등학교,(수유동/서울유현초등학교)
서울월곡초등학교,(장위동/서울월곡초등학교)
서울우이초등학교,(수유동/서울우이초등학교)
서울오현초등학교,(번동/오현초등학교)
서울안암초등학교,"(안암동2가/ 서울안암초등학교)"
서울숭인초등학교,(하월곡동/서울숭인초등학교)
서울숭례초등학교,(종암동/서울숭례초등학교)
서울숭덕초등학교,(정릉동/서울숭덕초등학교)
서울숭곡초등학교,(하월곡동/서울숭곡초등학교)
서울수유초등학교,"/ 수유초등학교"
서울수송초등학교,(번동)
서울송천초등학교,(미아동/서울송천초등학교)
서울송중초등학교,(미아동/송중초등학교)
서울성북초등학교,(성북동/서울성북초등학교)
서울석관초등학교,"/ 서울석관초등학교 (석관동/서울석관초등학교)"
서울석계초등학교,(석관동)
서울삼양초등학교,(미아동/삼양초등학교)
서울삼선초등학교,(삼선동3가/서울삼선초등학교)
서울삼각산초등학교,(미아동/삼각산초등학교)
서울번동초등학교,(번동/번동초등학교)
서울미양초등학교,(미아동/미양초등학교)
서울미아초등학교,"(길음동/ 서울미아초등학교)"
서울동신초등학교,(보문동3가/서울동신초등학교)
서울돈암초등학교,(동소문동6가/서울돈암초등학교)
서울길음초등학교,(길음동/서울길음초등학교)
서울길원초등학교,"/ 서울길원초등학교 (길음동)"
서울개운초등학교,(돈암동/서울개운초등학교)
서울개현초등학교,(개포동)
내곡중학교,(신원동)
서울자곡초등학교,(자곡동)
서울율현초등학교,"/ 서울율현초등학교 (자곡동)"
세곡중학교,"(자곡동/ 세곡중학교)"
서울우솔초등학교,"/ 서울우솔초등학교 (우면동)"
서울세명초등학교,"/ 서울세명초등학교 (세곡동)"
휘문중학교,(대치동)
진선여자중학교,"(역삼동/ 진선여자중학교)"
중동중학교,중동중학교
은성중학교,(도곡동/은광여자고등학교)
숙명여자중학교,"/ 숙명여자중학교"
세화여자중학교,"/ 세화여자중학교 (반포동/강당)"
서문여자중학교,(방배동)
동덕여자중학교,(방배동/동덕여자중고등학교)
단국대학교사범대학부속중학교,(대치동)
청담중학교,(청담동/청담중학교)
이수중학교,(방배동/이수중학교)
원촌중학교,(반포동/원촌중학교)
영동중학교,(우면동/영동중학교)
역삼중학교,(역삼동/역삼중학교)
언주중학교,"/ 언주중학교"
언북중학교,(논현동/언북중학교)
언남중학교,(양재동/언남중학교)
압구정중학교,"/ 압구정중학교 (압구정동/압구정중학교)"
신사중학교,(압구정동/신사중학교)
신반포중학교,"/ 신반포중학교 (반포동/신반포중학교)"
신동중학교,"/ 신동중학교 (잠원동/신동중학교)"
신구중학교,(신사동/신구중학교)
수서중학교,(수서동/수서중학교)
서초중학교,(서초동/서초중학교)
서일중학교,(서초동/서일중학교)
서운중학교,(서초동/서운중학교)
봉은중학교,(삼성동)
방배중학교,(반포동/방배중학교)
반포중학교,"(반포동,반포중학교)"
도곡중학교,(도곡동/도곡중학교)
대치중학교,(도곡동/대치중학교)
대청중학교,"(대치동/ 대청중학교)"
대왕중학교,"(수서동/ 대왕중학교)"
대명중학교,"(대치동/ 대명중학교)"
구룡중학교,(개포동/구룡중학교)
경원중학교,(잠원동/경원중학교)
개포중학교,(개포동/개포중학교)
개원중학교,"/ 개원중학교 (개포동/개원중학교)"
서울우면초등학교,59
서울학동초등학교,"/ 서울학동초등학교 (논현동)"
서울포이초등학교,"/ 서울포이초등학교 (개포동/포이초등학교)"
서울청담초등학교,(청담동/청담초등학교)
서울잠원초등학교,"(반포동/ 잠원초등학교)"
서울일원초등학교,(일원동/일원초등학교)
서울이수초등학교,"서울이수초등학교 (방배동/이수초등학교)"
서울원촌초등학교,(반포동/서울원촌초등학교)
서울원명초등학교,(서초동/원명초등학교)
서울우암초등학교,(우면동/우암초등학교)
서울왕북초등학교,(수서동/왕북초등학교)
서울영희초등학교,(일원동/영희초등학교)
서울역삼초등학교,(역삼동/역삼초등학교)
서울언주초등학교,(도곡동/언주초등학교)
서울언북초등학교,(청담동/언북초등학교)
서울언남초등학교,(내곡동)
서울양전초등학교,"/ 서울양전초등학교"
서울양재초등학교,(양재동/양재초등학교)
서울압구정초등학교,(압구정동/압구정초등학교)
서울신중초등학교,(서초동/서울신중초등학교)
서울신동초등학교,(잠원동/신동초등학교)
서울신구초등학교,(신사동/신구초등학교)
서울수서초등학교,(수서동/수서초등학교)
서울서초초등학교,(서초동/서초초등학교)
서울서일초등학교,(서초동/서일초등학교)
서울서이초등학교,(서초동/서이초등학교)
서울서원초등학교,"/ 서울서원초등학교 (반포동)"
서울서래초등학교,(방배동/서래초등학교)
서울삼릉초등학교,(삼성동/삼릉초등학교)
서울봉은초등학교,(삼성동/봉은초등학교)
서울방현초등학교,(방배동/방현초등학교)
서울방일초등학교,(방배동)
서울방배초등학교,(방배동/방배초등학교)
서울반포초등학교,"/ 서울반포초등학교 (반포동/반포초등학교)"
서울반원초등학교,(잠원동/반원초등학교)
서울매헌초등학교,(양재동/매헌초등학교)
서울도성초등학교,(역삼동/도성초등학교)
서울도곡초등학교,"(대치동/ 도곡초등학교)"
서울대현초등학교,(대치동/대현초등학교)
서울대치초등학교,"(대치동/ 대치초등학교)"
서울대청초등학교,"/ 서울대청초등학교 (일원동)"
서울대진초등학교,"/ 서울대진초등학교 (개포동)"
서울대왕초등학교,(세곡동/대왕초등학교)
서울대모초등학교,"/ 대모초등학교 (일원동/대모초등학교)"
서울대도초등학교,"(도곡동/ 서울대도초등학교)"
서울대곡초등학교,"/ 서울대곡초등학교 (대치동/대곡초등학교)"
서울논현초등학교,(논현동/논현초등학교)
서울구룡초등학교,(개포동/구룡초등학교)
서울개포초등학교,"(개포동/ 개포초등학교)"
서울개일초등학교,"/ 개일초등학교 (개포동/개일초등학교)"
서울개원초등학교,(개포동/개원초등학교)
계성초등학교,"/ 계성초등학교 (반포동)"
서울교육대학교부설초등학교,(서초동/서울교대초등학교)
여명학교(중),(남산동2가)
마곡하늬중학교,(마곡동)
화곡중학교,(내발산동/화곡중학교)
영도중학교,"/ 영도중학교 (목동/강서고등학교)"
양정중학교,"(목동/ 양정고등학교)"
신정여자중학교,신정여자중학교
봉영여자중학교,(신정동/봉영여자중학교)
명덕여자중학교,(내발산동)
마포중학교,"/ 마포중학교 (전화 02-3663-2587)"
등촌중학교,(등촌동/등촌중학교)
덕원중학교,(내발산동/덕원중학교)
마곡중학교,(마곡동)
화원중학교,(화곡동/화원중학교)
월촌중학교,(목동/서울월촌중학교)
염창중학교,(염창동/염창중학교)
염경중학교,(염창동/염경중학교)
양천중학교,(신월동/양천중학교)
양서중학교,(신월동/양서중학교)
양동중학교,(목동/양동중학교)
양강중학교,(신월동)
신화중학교,", 신화중학교 (신월동)"
신월중학교,"/ 신월중학교 (신월동)"
신원중학교,(신월동/신원중학교)
신서중학교,(신정동/신서중학교)
신목중학교,(목동/신목중학교)
신남중학교,(신월동/신남중학교)
수명중학교,(내발산동/수명중학교)
송정중학교,(공항동/송정중학교)
성재중학교,(가양동/성재중학교)
삼정중학교,(방화동/삼정중학교)
백석중학교,(등촌동/백석중학교)
방화중학교,(방화동)
방원중학교,"/ 방원중학교 (방화동/방원중학교)"
목일중학교,(신정동/목일중학교)
목운중학교,(목동/목운초.중학교)
목동중학교,(신정동/목동중학교)
등원중학교,(등촌동/등원중학교)
등명중학교,(등촌동/등명중학교)
금옥중학교,"/ 금옥중학교 (신정동)"
공항중학교,(공항동/공항중학교)
경서중학교,(가양동)
강신중학교,(신월동/강신중학교)
유석초등학교,(등촌동/유석초등학교)
서울신은초등학교,(신정동)
서울화일초등학교,(화곡동/서울화일초등학교)
서울화곡초등학교,화곡동/화곡초등학교
서울탑산초등학교,(가양동/탑산초등학교)
서울치현초등학교,서울치현초등학교
서울지향초등학교,"/ 서울지향초등학교 (신정동/지향초등학교)"
서울정목초등학교,(목동/서울정목초등학교)
서울정곡초등학교,(방화동/정곡초등학교)
서울장수초등학교,(신정동)
서울은정초등학교,서울은정초등학교
서울월촌초등학교,(목동/서울월촌초등학교)
서울월정초등학교,(화곡동/월정초등학교)
서울우장초등학교,(화곡동/우장초등학교)
서울영도초등학교,"/ 서울영도초등학교 (목동/서울영도초등학교)"
서울염창초등학교,"(염창동/ 염창초등학교)"
서울염동초등학교,(염창동/염동초등학교)
서울염경초등학교,(염창동/서울염경초등학교)
서울양화초등학교,(목동/서울양화초등학교)
서울양천초등학교,(가양동/양천초등학교)
서울양원초등학교,(신월동/서울양원초등학교)
서울양목초등학교,"(신정동/ 서울양목초등학교)"
서울양명초등학교,(신정동/양명초등학교)
서울양동초등학교,(신정동)
서울양강초등학교,"(신월동/ 서울양강초등학교)"
서울신정초등학교,(화곡동)
서울신월초등학교,(화곡동/신월초등학교)
서울신원초등학교,(신월동/서울신원초등학교)
서울신서초등학교,"(신정동 312-1번지)"
서울신목초등학교,(신정동/서울신목초등학교)
서울신남초등학교,"/ 44 (신월동)"
서울신기초등학교,(신정동/서울신기초등학교)
서울신곡초등학교,(화곡동/신곡초등학교)
서울신강초등학교,"/ 서울신강초등학교 (신월동/서울신강초등학교)"
서울수명초등학교,(내발산동)
서울송화초등학교,(방화동/송화초등학교)
서울송정초등학교,(공항동)
서울서정초등학교,(목동/서울서정초등학교)
서울삼정초등학교,"/ 서울삼정초등학교 (방화동)"
서울백석초등학교,(등촌동/백석초등학교)
서울방화초등학교,(방화동)
서울발산초등학교,(내발산동/발산초등학교)
서울목원초등학교,(목동/목원초등학교)
서울목운초등학교,"/ 서울목운초등학교 (목동)"
서울목동초등학교,(신정동/서울목동초등학교)
서울등현초등학교,(등촌동/등현초등학교)
서울등촌초등학교,(등촌동/등촌초등학교)
서울등원초등학교,"/ 서울등원초등학교 (등촌동)"
서울등양초등학교,"/ 등양초등학교 (등촌동/등양초등학교)"
서울등서초등학교,(화곡동/등서초등학교)
서울등명초등학교,(등촌동/등명초등학교)
서울등마초등학교,(등촌동/서울등마초등학교)
서울내발산초등학교,(내발산동/내발산초등학교)
서울남명초등학교,(신정동/서울남명초등학교)
서울공항초등학교,(마곡동)
서울공진초등학교,"/ 서울공진초등학교 (마곡동 749-2)"
서울계남초등학교,"/ 서울계남초등학교 (신정동/서울계남초등학교)"
서울경인초등학교,(목동/서울경인초등학교)
서울개화초등학교,(방화동/개화초등학교)
서울강월초등학교,(신월동/서울강월초등학교)
서울강신초등학교,"/ 서울강신초등학교 (신월동/서울강신초등학교)"
서울강서초등학교,"(신월동/ 서울강서초등학교)"
서울갈산초등학교,"/ 서울갈산초등학교 (신정동)"
서울가양초등학교,"/ (가양동/가양초등학교)"
서울가곡초등학교,(내발산동/가곡초등학교)
서울대학교사범대학부설여자중학교,"/ 서울대학교사범대학부설여자중학교 (이화동)"
서울대학교사범대학부설초등학교,(동숭동/서울사대부설초등학교)
환일중학교,(만리동2가)
한양중학교,(신당동)
한강중학교,(서빙고동)
청운중학교,(청운동)
창덕여자중학교,"/ 창덕여자중학교 (정동)"
중앙중학교,(계동)
장충중학교,(신당동)
장원중학교,(신당동)
용산중학교,(용산동2가)
용강중학교,(이촌동)
오산중학교,(보광동/오산중학교)
예원학교,(정동)
신광여자중학교,(청파동3가)
성심여자중학교,"/ 성심여자중학교 (원효로4가)"
선린중학교,(청파동3가)
상명대학교사범대학부속여자중학교,(홍지동)
보성여자중학교,(용산동2가)
배화여자중학교,"/ 배화여자중학교 (필운동)"
배문중학교,"/ 배문중학교 (서계동)"
동성중학교,(혜화동)
덕수중학교,(인현동2가/덕수중학교)
덕성여자중학교,(송현동)
대신중학교,(행촌동)
대경중학교,(신당동)
금호여자중학교,", 금호여자중학교 본관동(주1) (신당동)"
경신중학교,(혜화동/경신중고등학교)
운현초등학교,(운니동/운현초등학교)
신광초등학교,"/ 신광초등학교 청파동 3가 100 (청파동3가)"
숭의초등학교,"/ 숭의초등학교 (예장동)"
서울흥인초등학교,(신당동/흥인초등학교)
서울후암초등학교,"/ 서울후암초등학교 (후암동)"
서울효제초등학교,"/ 서울효제초등학교 (효제동)"
서울혜화초등학교,"/ 서울혜화초등학교 (혜화동)"
서울한남초등학교,"/ 서울한남초등학교 (한남동)"
서울한강초등학교,"/ 서울한강초등학교 (한강로3가)"
서울충무초등학교,(장충동2가/충무초등학교)
서울청파초등학교,"/ 서울청파초등학교 (청파동2가)"
서울청운초등학교,"/ 청운초등학교 (청운동)"
서울청구초등학교,(신당동/청구초등학교)
서울창신초등학교,"/ 서울창신초등학교 (창신동)"
서울재동초등학교,"/ 서울재동초등학교 (가회동)"
서울장충초등학교,"/ 서울장충초등학교 (신당동)"
서울이태원초등학교,(이태원동/이태원초등학교)
서울원효초등학교,"/ 서울원효초등학교 (산천동/원효초등학교)"
서울용암초등학교,"(용산동2가/ 용암초등학교)"
서울용산초등학교,(한강로2가/용산초등학교)
서울신용산초등학교,"/ 301-75번지 (이촌동)"
서울신당초등학교,(신당동)
서울세검정초등학교,(신영동/서울세검정초등학교)
서울서빙고초등학교,"/ 서울서빙고초등학교 (서빙고동)"
서울삼광초등학교,"/ 서울삼광초등학교 (후암동)"
서울봉래초등학교,(만리동2가)
서울보광초등학교,(이태원동/보광초등학교)
서울명신초등학교,(창신동)
서울매동초등학교,"/ 서울매동초등학교 (필운동)"
서울독립문초등학교,(무악동)
서울덕수초등학교,"/ 서울덕수초등학교 (정동)"
서울남정초등학교,"/ 서울남정초등학교 (원효로2가)"
서울남산초등학교,"/ 서울남산초등학교 (남산동2가)"
서울금양초등학교,"/ 서울금양초등학교 (효창동)"
서울교동초등학교,(경운동)
서울광희초등학교,(신당동/광희초등학교)
상명대학교사범대학부속초등학교,"(홍지동/ 상명초등학교)"
리라초등학교,(예장동)
동산초등학교,"/ 동산초등학교 (신당동)"
한국삼육중학교,"/ 한국삼육중학교 (공릉동)"
효문중학교,"(쌍문동/ 효문중 고등학교)"
한천중학교,"(공릉동/ 한천중학교)"
하계중학교,(하계동)
태랑중학교,"/ 태랑중학교 (공릉동)"
청원중학교,"/ 청원중학교 (상계동/청원초/중/고등학교)"
창일중학교,(창동/창일중학교)
창북중학교,(창동/창북중학교)
창동중학교,"/ 창동중학교 (방학동)"
중평중학교,(하계동/중평중학교)
중원중학교,(중계동/중원중학교)
중계중학교,(중계동)
정의여자중학교,"/ 정의여자중학교 (쌍문동)"
재현중학교,(중계동/재현중/고등학교)
을지중학교,(중계동)
월계중학교,(월계동)
온곡중학교,(상계동/온곡중학교)
염광중학교,"/ 노원구 월계동 820 (월계동)"
신창중학교,(월계동/신창중학교)
신상중학교,(상계동/신상중학교)
신방학중학교,"/ 신방학중학교 (방학동)"
신도봉중학교,(쌍문동)
수락중학교,"/ 수락중학교 (상계동)"
선덕중학교,"/ 선덕중학교 (쌍문동)"
상원중학교,(상계동)
상명중학교,"/ 상명중학교 (중계동)"
상계중학교,"(상계동/ 상계중학교)"
상계제일중학교,"/ 상계제일중학교 (중계동)"
상경중학교,"(상계동/ 상경중학교)"
불암중학교,"/ 불암중학교 (하계동)"
북서울중학교,(도봉동)
백운중학교,(쌍문동)
방학중학교,"/ 방학중학교 (방학동)"
도봉중학교,(도봉동/도봉중학교)
녹천중학교,(월계동)
노일중학교,"/ 노일중학교 (상계동)"
노원중학교,(상계동/노원중학교)
노곡중학교,(창동/노곡중학교)
광운중학교,(월계동/광운중학교)
공릉중학교,(공릉동/공릉중학교)
화랑초등학교,(공릉동/화랑초등학교)
한신초등학교,(쌍문동/한신초등학교)
태강삼육초등학교,"/ 태강삼육초등학교 (공릉동)"
청원초등학교,"/ (상계동/청원초/중/고등학교) (상계동)"
서울한천초등학교,"/ 서울한천초등학교 (월계동)"
서울태릉초등학교,"/ 서울태릉초등학교 (공릉동)"
서울태랑초등학교,"/ 서울태랑초등학교 (공릉동)"
서울초당초등학교,(방학동)
서울청계초등학교,"/ 서울청계초등학교 (중계동)"
서울창일초등학교,"/ 창일초등학교 (창동)"
서울창원초등학교,(창동/서울창원초등학교)
서울창림초등학교,(창동)
서울창동초등학교,(창동)
서울창도초등학교,"(방학동/ 서울창도초등학교)"
서울창경초등학교,(쌍문동/창경초등학교)
서울중현초등학교,"/ 서울중현초등학교 (하계동/중현초등학교)"
서울중평초등학교,"/ 서울중평초등학교 (하계동)"
서울중원초등학교,(중계동)
서울중계초등학교,"/ 서울중계초등학교 (중계동)"
서울자운초등학교,"/ 서울자운초등학교 (창동)"
서울을지초등학교,(중계동)
서울월천초등학교,(창동/서울월천초등학교)
서울월계초등학교,(월계동/월계초등학교)
서울원광초등학교,(중계동/원광초등학교)
서울용원초등학교,"/ 용원초등학교 (공릉동/ 서울용원초등학교)"
서울용동초등학교,(중계동/용동초등학교)
서울온곡초등학교,(상계동/온곡초등학교)
서울오봉초등학교,"/ 서울오봉초등학교 (도봉동)"
서울연촌초등학교,"/ 서울연촌초등학교 (하계동)"
서울연지초등학교,(월계동)
서울쌍문초등학교,"/ 서울쌍문초등학교 (쌍문동/쌍문초등학교)"
서울신화초등학교,"/ 신화초등학교 (창동)"
서울신학초등학교,(방학동)
서울신창초등학교,"/ 신창초등학교 (창동)"
서울신상계초등학교,"/ 신상계초등학교 (상계동)"
서울신방학초등학교,"/ 서울신방학초등학교 (방학동)"
서울신계초등학교,(월계동/신계초등학교)
서울숭미초등학교,(쌍문동/숭미초등학교)
서울수암초등학교,(중계동/수암초등학교)
서울수락초등학교,(상계동/서울수락초등학교)
서울선곡초등학교,"/ 서울선곡초등학교 (월계동)"
서울상천초등학교,"/ 서울상천초등학교 (상계동)"
서울상월초등학교,(상계동)
서울상원초등학교,(상계동)
서울상수초등학교,"/ 서울상수초등학교 (상계동)"
서울상곡초등학교,"/ 서울상곡초등학교 (상계동)"
서울상계초등학교,"/ 서울상계초등학교 (상계동)"
서울상경초등학교,(상계동/상경초등학교)
서울불암초등학교,"/ 서울불암초등학교 (중계동)"
서울백운초등학교,(쌍문동)
서울방학초등학교,"/ 방학초등학교 (방학동)"
서울동일초등학교,"/ 동일초등학교 (상계동)"
서울도봉초등학교,(도봉동)
서울덕암초등학교,"/ 서울덕암초등학교 (상계동)"
서울당현초등학교,"/ 서울당현초등학교 (상계동)"
서울누원초등학교,(도봉동)
서울녹천초등학교,"/ 서울녹천초등학교 (월계동)"
서울노일초등학교,(상계동/노일초등학교)
서울노원초등학교,"(상계동/ 노원초등학교)"
서울공연초등학교,(공릉동/서울공연초등학교)
서울공릉초등학교,(공릉동/서울공릉초등학교)
서울계상초등학교,(상계동)
서울가인초등학교,(창동/가인초등학교)
상명초등학교,"/ 상명초등학교 (중계동)"
동북초등학교,"/ 동북초등학교 (쌍문동)"
"지구촌학교 고등학교","(오류동, 금강프라자)"
"지구촌학교 중학교","(오류동, 금강프라자)"
서울항동초등학교,(항동)
서울하늘숲초등학교,"/ 서울하늘숲초등학교 (천왕동)"
신길중학교,"(신길동/ 신길중학교)"
항동중학교,"(항동/ 항동중학교)"
서울금나래초등학교,(시흥동)
서울천이초등학교,"/ 서울천이초등학교 (오류동)"
천왕중학교,"(천왕동/ 천왕중학교)"
"학력인정 서현초등학교","(신길동/ 서현주부학교)"
지구촌학교,(오류동)
서울천왕초등학교,(천왕동)
한울중학교,한울중학교
윤중중학교,"/ 윤중중학교 (여의도동)"
우신중학교,"/ 우신중학교 (궁동)"
오류중학교,(고척동)
오남중학교,(오류동)
영원중학교,(영등포동/영원중학교)
영서중학교,(구로동)
영림중학교,"/ 영림중학교 (구로동)"
영남중학교,"/ 영남중학교 (대림동)"
여의도중학교,"/ 여의도중학교 (여의도동)"
양화중학교,(문래동3가/양화중학교)
안천중학교,(독산동/안천중학교)
신도림중학교,"/ 신도림중학교 (신도림동)"
시흥중학교,", 시흥중학교 (시흥동)"
세일중학교,(독산동)
선유중학교,(양평동3가)
문일중학교,"/ 문일중학교 (시흥동)"
문성중학교,"/ 문성중학교 (독산동)"
문래중학교,(문래동6가/문래중학교)
동일중학교,(시흥동)
대영중학교,(신길동/대영중학교)
대림중학교,(대림동/대림중학교)
당산중학교,(당산동)
당산서중학교,(당산동5가/당산서중학교)
난곡중학교,(독산동)
구일중학교,(구로동)
구로중학교,(구로동)
고척중학교,"/ 고척중학교 (고척동)"
경인중학교,(개봉동)
개웅중학교,"/ 개웅중학교 (개봉동/개웅중학교)"
개봉중학교,(개봉동)
가산중학교,(독산동)
서울탑동초등학교,"(시흥동/ 탑동초등학교)"
서울정심초등학교,"/ 정심초등학교 (독산동)"
서울윤중초등학교,(여의도동)
서울우신초등학교,(신길동/우신초등학교)
서울온수초등학교,(온수동)
서울오정초등학교,"/ 서울오정초등학교 (오류동)"
서울오류초등학교,"/ 서울오류초등학교 (오류동)"
서울오류남초등학교,"(오류동/ 오류남초등학교)"
서울영중초등학교,"/ 서울영중초등학교 (영등포동7가)"
서울영일초등학교,"/ 서울영일초등학교 (가리봉동)"
서울영원초등학교,(도림동)
서울영신초등학교,(신길동)
서울영서초등학교,"/ 영서초등학교 (구로동)"
서울영문초등학교,"/ 서울영문초등학교 (문래동6가)"
서울영림초등학교,"/ 서울영림초등학교 (대림동)"
서울영등포초등학교,(문래동1가)
서울영동초등학교,"/ (당산동/ 영동초등학교) (당산동)"
서울영남초등학교,(독산동)
서울여의도초등학교,"/ 서울여의도초등학교 (여의도동)"
서울안천초등학교,"/ 서울안천초등학교 (독산동)"
서울신흥초등학교,"(시흥동/ 신흥초등학교)"
서울신영초등학교,(대림동/신영초등학교)
서울신미림초등학교,"(신도림동/ 신미림초등학교)"
서울신도림초등학교,"/ 서울신도림초등학교 (신도림동)"
서울신대림초등학교,(대림동)
서울신구로초등학교,(구로동/서울신구로초등학교)
서울시흥초등학교,"/ 서울시흥초등학교 (시흥동)"
서울세곡초등학교,(고척동/세곡초등학교)
서울선유초등학교,"(양평동3가/ 서울선유초등학교)"
서울백산초등학교,"(시흥동/ 백산초등학교)"
서울미래초등학교,"/ 서울미래초등학교 (구로동)"
서울문성초등학교,"/ 서울문성초등학교  (독산동)"
서울문백초등학교,"(시흥동/ 문백초등학교)"
서울문래초등학교,"(문래동3가/ 문래초등학교)"
서울문교초등학교,"/ 문교초등학교 (독산동)"
서울매봉초등학교,"/ 서울매봉초등학교 (개봉동)"
서울두산초등학교,"/ 서울두산초등학교 (독산동)"
서울동구로초등학교,"/ 서울동구로초등학교 (구로동)"
서울독산초등학교,(독산동/독산초등학교)
서울도신초등학교,"/ 서울도신초등학교 (대림동)"
서울도림초등학교,"/ 서울도림초등학교 (신길동)"
서울덕의초등학교,(고척동/덕의초등학교)
서울대영초등학교,(신길동/대영초등학교)
서울대방초등학교,(신길동)
서울대동초등학교,"/ 서울대동초등학교 (대림동)"
서울대길초등학교,"/ 서울대길초등학교 (신길동)"
서울당중초등학교,"/ 서울당중초등학교 (양평동3가)"
서울당서초등학교,"/ 서울당서초등학교 (당산동5가)"
서울당산초등학교,"/ 서울당산초등학교 (양평동4가)"
서울금천초등학교,(시흥동)
서울금산초등학교,"(시흥동, 서울금산초등학교)"
서울금동초등학교,"/ 서울금동초등학교 (시흥동)"
서울구일초등학교,(구로동/구일초등학교)
서울구로초등학교,"/ 구로동443 (구로동)"
서울구로남초등학교,(구로동/구로남초등학교)
서울고척초등학교,(고척동)
서울고원초등학교,"(고척동/ 서울고원초등학교)"
서울고산초등학교,"(고척동/ 고산초등학교)"
서울개웅초등학교,(개봉동/개웅초등학교)
서울개봉초등학교,(개봉동)
서울개명초등학교,(개봉동/개명초등학교)
서울가산초등학교,"/ 서울가산초등학교 (독산동)"
동광초등학교,"/ 동광초등학교 (시흥동)"
서울어울초등학교,"/ 서울어울초등학교 (녹번동)"
서울가재울초등학교,(남가좌동)
아현중학교부설방송통신중학교,"/ 아현중학교 내 아현방송통신중학교 (아현동)"
가재울중학교,"(북가좌동/ 가재울중학교)"
서울은빛초등학교,(진관동)
서울하늘초등학교,"/ 서울하늘초등학교 (상암동)"
서울수리초등학교,(불광동)
홍익대학교사범대학부속여자중학교,(성산동)
홍은중학교,(홍은동)
한성중학교,(북아현동/한성중학교)
충암중학교,(응암동)
창천중학교,(노고산동)
진관중학교,(진관동)
증산중학교,"/ 증산중학교 (증산동)"
중앙여자중학교,"(북아현동/ 중앙여자중학교)"
중암중학교,(중동/중암중학교)
정원여자중학교,"/ 정원여자중학교 (홍은동)"
인창중학교,(충정로2가/인창중학교)
인왕중학교,"/ 69 (홍제동)"
이화여자대학교사범대학부속이화·금란중학교,(대신동)
은평중학교,(구산동)
예일여자중학교,(구산동)
영락중학교,"/ 영락중학교 (응암동)"
연희중학교,(남가좌동)
연천중학교,(불광동)
연신중학교,"(연신중학교/ 불광동)"
연서중학교,(증산동/연서중학교)
연북중학교,(연희동/연북중학교)
아현중학교,(아현동/아현중학교)
신연중학교,(연희동)
신수중학교,"/ 신수중학교 (신수동)"
신도중학교,(진관동)
숭실중학교,(신사동)
숭문중학교,"/ 숭문중고등학교 (대흥동)"
성서중학교,(성산동)
성산중학교,(합정동)
성사중학교,"/ 성사중학교 (성산동)"
선정중학교,"/ 선정중학교 (갈현동)"
선일여자중학교,"/ 선일여자중학교 (갈현동)"
서울여자중학교,"/ 서울여자중학교 (염리동)"
서연중학교,(연희동)
상암중학교,(상암동)
상신중학교,(신사동)
불광중학교,"/ 불광중학교 (불광동)"
명지중학교,(홍은동)
동명여자중학교,(천연동)
동도중학교,동도중학교
덕산중학교,(신사동)
대성중학교,"/ 대성중학교 (갈현동)"
구산중학교,(구산동/구산중학교)
광성중학교,(신수동/광성중고등학교)
경성중학교,"/ 경성중학교 (연남동/경성중고등학교)"
홍익대학교사범대학부속초등학교,(성산동)
충암초등학교,(응암동)
추계초등학교,(북아현동/추계초등학교)
이화여자대학교사범대학부속초등학교,(대신동/이화여대부속초등학교)
예일초등학교,"/ 예일초등학교 (구산동)"
선일초등학교,"/ 선일초등학교 (갈현동)"
서울홍제초등학교,"/ 서울홍제초등학교 (홍은동)"
서울홍은초등학교,"/ 홍제동/서울홍은초등학교 (홍제동)"
서울홍연초등학교,"/ 서울홍연초등학교 (홍은동)"
서울한서초등학교,"/ 서울한서초 (염리동)"
서울창천초등학교,"/ 서울창천초등학교 (노고산동)"
서울창서초등학교,"(창천동/ 서울창서초등학교)"
서울진관초등학교,(진관동/진관초등학교)
서울증산초등학교,(증산동)
서울중동초등학교,(성산동)
서울인왕초등학교,(홍제동/서울인왕초등학교)
서울응암초등학교,"/ 서울응암초등학교 (응암동)"
서울은평초등학교,(녹번동)
서울은진초등학교,"/ 은진초등학교 (진관동)"
서울은명초등학교,"/ 서울은명초등학교 (응암동)"
서울용강초등학교,(대흥동)
서울염리초등학교,"/ 서울염리초등학교 (염리동)"
서울연희초등학교,"(연희동/ 서울연희초등학교)"
서울연천초등학교,"/ 연천초등학교 (불광동)"
서울연은초등학교,"/ 서울연은초등학교 (응암동)"
서울연신초등학교,(불광동)
서울연광초등학교,"/ 서울연광초등학교 (불광동)"
서울연가초등학교,"/ 연가초등학교 (남가좌동)"
서울역촌초등학교,"/ 서울역촌초등학교 (역촌동/서울역촌초등학교)"
서울안산초등학교,(홍제동)
서울아현초등학교,(아현동)
서울신석초등학교,"/ 서울신석초등학교 (신수동)"
서울신사초등학교,"/ 서울신사초등학교 (신사동)"
서울신북초등학교,"/ 서울신북초등학교 (중동)"
서울신도초등학교,"/ 서울신도초등학교 (진관동)"
서울수색초등학교,(수색동)
서울소의초등학교,(아현동/소의초등학교)
서울성원초등학교,(성산동)
서울성서초등학교,(성산동)
서울성산초등학교,"/ 서울성산초등학교 (합정동)"
서울서신초등학교,(신사동)
서울서교초등학교,(서교동)
서울서강초등학교,(상수동/서강초등학교)
서울상지초등학교,"/ 서울상지초등학교 (상암동)"
서울상암초등학교,(상암동/상암초등학교)
서울상신초등학교,(신사동)
서울불광초등학교,"/ 서울불광초등학교 (불광동)"
서울북한산초등학교,"/ 서울북한산초등학교 (진관동)"
서울북성초등학교,"(북아현동/ 북성초등학교)"
서울북가좌초등학교,"(북가좌동/ 서울북가좌초등학교)"
서울미동초등학교,"(미근동/ 서울미동초등학교)"
서울망원초등학교,"(망원동/ 망원초등학교)"
서울마포초등학교,"/ 서울 마포초등학교 (도화동)"
서울동교초등학교,"/ 동교초등학교 (망원동)"
서울대조초등학교,(대조동)
서울대은초등학교,"/ 서울대은초등학교 (대조동)"
서울대신초등학교,"(대현동/ 서울대신초등학교)"
서울녹번초등학교,"(녹번동/ 서울녹번초등학교)"
서울금화초등학교,(천연동/서울금화초등학교)
서울구현초등학교,(구산동/구현초등학교)
서울구산초등학교,"(구산동/ 구산초등학교)"
서울공덕초등학교,"(공덕동/ 공덕초등학교)"
서울고은초등학교,"(홍제동/ 서울고은초등학교)"
서울갈현초등학교,"/ 갈현초등학교 (갈현동)"
명지초등학교,(홍은동)
경기초등학교,(충정로2가/경기초등학교)
서울양원숲초등학교,"(망우동/ 서울양원숲초등학교)"
서울새솔초등학교,(신내동/서울새솔초등학교)
서울삼육초등학교,"/ 서울삼육초등학교 (회기동)"
휘경중학교,(휘경동/휘경중학교)
휘경여자중학교,"/ 휘경여자중학교 (휘경동)"
혜원여자중학교,(망우동/혜원여자중고등학교)
태릉중학교,(묵동)
청량중학교,(청량리동)
중화중학교,(면목동/중화중학교)
중랑중학교,"/ 중랑중학교 (중화동)"
정화여자중학교,"/ 정화여자중학교 (제기동)"
전일중학교,"/ 전일중학교 (전농동)"
전동중학교,(휘경동/전동중학교)
전농중학교,(전농동/전농중학교)
장평중학교,"/ 장평중학교 (장안동)"
장안중학교,"/ 장안중학교 (중화동)"
원묵중학교,"/ 원묵중학교 (묵동)"
용마중학교,"/ 용마중학교 (면목동)"
영란여자중학교,(망우동)
신현중학교,"/ 신현중학교 (상봉동)"
숭인중학교,"(답십리동/ 숭인중학교)"
송곡여자중학교,(망우본동
성일중학교,(제기동)
상봉중학교,(상봉동)
봉화중학교,(망우동/봉화중학교)
면목중학교,"/ 면목중학교 (면목동)"
동원중학교,"(망우동/ 동원중학교)"
동대문중학교,"/ 동대문중학교 (전농동)"
동국대학교사범대학부속중학교,(장안동)
대광중학교,(신설동)
경희중학교,"/ 경희중학교 (회기동)"
경희여자중학교,(회기동)
은석초등학교,"(장안동/ 은석초등학교)"
서울휘봉초등학교,(휘경동/서울휘봉초등학교)
서울휘경초등학교,"(휘경동/ 서울휘경초등학교)"
서울홍파초등학교,(제기동)
서울홍릉초등학교,(청량리동)
서울청량초등학교,(회기동/서울청량초등학교)
서울중흥초등학교,"/ 서울중흥초등학교 (중화동)"
서울중화초등학교,"/ 서울중화초등학교 (신내동)"
서울중목초등학교,"/ 서울중목초등학교 (면목동)"
서울중랑초등학교,(면목동/중랑초등학교)
서울중곡초등학교,(면목동/중곡초등학교)
서울종암초등학교,(제기동)
서울전동초등학교,"/ 서울전동초등학교 (전농동)"
서울전농초등학교,"/ 서울전농초등학교 (전농동)"
서울전곡초등학교,(전농동)
서울장평초등학교,", 69길 27 (전농동)"
서울이문초등학교,"(이문동/ 서울이문초등학교)"
서울원묵초등학교,"/ 서울원묵초등학교 (묵동)"
서울용두초등학교,(용두동)
서울안평초등학교,"/ 서울안평초등학교 (장안동)"
서울신현초등학교,(신내동)
서울신묵초등학교,(묵동/신묵초등학교)
서울신답초등학교,(답십리동/서울신답초등학교)
서울신내초등학교,(신내동/신내초등학교)
서울상봉초등학교,"/ 서울상봉초등학교 (상봉동)"
서울봉화초등학교,(신내동/봉화초등학교)
서울배봉초등학교,"/ 배봉초등학교 (전농동)"
서울묵현초등학교,"/ 묵현초등학교"
서울묵동초등학교,"/ 서울묵동초등학교 (중화동)"
서울면중초등학교,", 서울면중초등학교 (면목동)"
서울면일초등학교,"/ 면일초등학교 (망우동)"
서울면북초등학교,"/ 서울면북초등학교 (망우동)"
서울면목초등학교,(면목동)
서울면동초등학교,"(면목동/ 면동초등학교)"
서울면남초등학교,(면목동/면남초등학교)
서울망우초등학교,"/ 서울망우초등학교 (망우동)"
서울동원초등학교,"/ 서울동원초등학교 (망우동)"
서울동답초등학교,(답십리동/서울동답초등학교)
서울답십리초등학교,"/ 서울답십리초등학교 (답십리동)"
서울군자초등학교,"/ 서울군자초등학교 (장안동)"
금성초등학교,"/ 금성초등학교 (신내동)"
경희초등학교,"/ 경희초등학교 (회기동/ 경희대학교)"
미림마이스터고등학교,미림마이스터고등학교
염광메디텍고등학교,", 염광메디텍고등학교 (월계동)"
서울웹툰애니메이션고등학교,(방배동)
솔샘고등학교,"/ 솔샘고등학교"
서울동구고등학교,"/ 동구마케팅고등학교 (성북동)"
서울정화고등학교,(제기동)정화여자상업고등학교
선일빅데이터고등학교,"/ 선일빅데이터고등학교 (갈현동)"
대경생활과학고등학교,(신당동)
서울매그넷고등학교,"(시흥동/ 동일여자상업고등학교)"
광운인공지능고등학교,(월계동/광운중학교/전자공업고등학교)
서울인공지능고등학교,(거여동)
용산철도고등학교,"(한강로3가/ 용산철도고등학교)"
서울동산고등학교,(공릉동)
인덕과학기술고등학교,"/ 인덕과학기술고등학교 (월계동/ 인덕대학교/인덕공업고등학교)"
서울신정고등학교,"(화곡동/ 서울신정고등학교)"
서일문화예술고등학교,(창신동)
동명생활경영고등학교,(대조동)
단국대학교부속소프트웨어고등학교,"(대치동 1013)"
광신방송예술고등학교,"(신림동/ 광신방송예술고등학교)"
고명외식고등학교,(돈암동)
서울의료보건고등학교,(만리동1가)
서울서진학교,(가양동)
서울도솔학교,"(도봉동/ 서울도솔학교)"
서울나래학교,"(염곡동/ 서울나래학교)"
영락의료과학고등학교,"(봉천동/ 서울영락고등학교/ 영락의료과학고등학교)"
덜위치칼리지서울영국학교,(반포동)
서울새롬학교,"/ 서울새롬학교 (봉천동/ 삼육외래센터)"
서울효정학교,(미아동)
풍문고등학교,(자곡동)
서울다솜관광고등학교,(숭인동)
금호고등학교,(금호동1가)
도선고등학교,(하왕십리동)
금천문화예술정보학교,"/ 금천문화예술정보학교 (독산동)"
신진과학기술고등학교,(응암동/학교법인신진학원)
선정국제관광고등학교,"/ 선정국제관광고등학교 (갈현동)"
계성고등학교,"/ 계성고등학교 (길음동)"
서울항공비즈니스고등학교,(방화동)
오디세이학교,(숭인동)
서울다원학교,"/ 서울다원학교 (성북동)"
누리학교,"/ 누리학교 (대방동)"
서울실용음악고등학교,(신당동/서울실용음악고등학교)
서울컨벤션고등학교,"/ 서울컨벤션고등학교 (고덕동)"
서초문화예술정보학교,(서초동)
은평문화예술정보학교,"/ 은평문화예술정보학교 (응암동/ 은평문화예술정보학교)"
서울드와이트외국인학교,(상암동)
대일관광고등학교,"/ 대일관광고등학교 (신정동/ 대일관광고등학교)"
예림디자인고등학교,(궁동/예림디자인고등학교)
서울도시과학기술고등학교,(하월곡동/서울도시과학기술고등학교)
성덕고등학교,(천호동)
가재울고등학교,(북가좌동)
"학력인정 청량정보고등학교(2년제)","(전농동/ 청량정보고등학교)"
"학력인정 한림연예예술고등학교","(장지동/ 한림연예예술고교)"
"학력인정 한림실업고등학교(2년제)","(장지동/ 한림연예예술고교)"
"학력인정 한림중학교(2년제)",(장지동)
"학력인정 한림초등학교(4년제)","(장지동/ 한석교통(주))"
"학력인정 청암중학교(2년제)","(중계동/ 청암중고예술학교)"
"학력인정 청암고등학교(2년제)",(중계동/청암중고등학교)
"학력인정 진형중학교(2년제)","(숭인동/ 진형빌딩)"
"학력인정 진형고등학교(2년제)","(숭인동/ 진형빌딩)"
"학력인정 일성여자중학교(2년제)","(염리동/ 일성여자중고등학교)"
"학력인정 일성여자고등학교(2년제)","(염리동/ 일성여자중고등학교)"
"학력인정 신동신중학교(2년제)","(사당동/ 신동신중 정보산업 고등학교)"
"학력인정 신동신정보산업고등학교(2년제)","(사당동/ 신동신중 정보산업 고등학교)"
"학력인정 청량정보고등학교","(전농동/ 청량정보고등학교)"
"학력인정 정암미용고등학교(2년제)","(청량리동/ 미주상가)"
"학력인정 서울자동차고등학교","(효창동/ 서울자동차고등학교)"
"학력인정 신동신중.정보산업고등학교","(사당동/ 신동신중 정보산업 고등학교)"
휘봉고등학교,(휘경동)
잠일고등학교,(잠실동)
구암고등학교,(봉천동/구암고등학교)
서울대학교사범대학부설고등학교,(종암동)
꿈타래학교,(신림동/서울산업정보학교)
화곡보건경영고등학교,"(내발산동/ 화곡보건경영고등학교)"
영신간호비즈니스고등학교,"/ 영신간호비즈니스고등학교 (중계동)"
홍익디자인고등학교,(연남동)
송곡관광고등학교,(망우동)
세그루패션디자인고등학교,"/ 세그루패션디자인고등학교 (쌍문동)"
삼각산고등학교,(미아동/삼각산고등학교)
선사고등학교,"/ 선사고등학교 (암사동)"
신도고등학교,(진관동)
여명학교,"/ 여명학교 (남산동2가)"
동양고등학교,(가양동/동양고등학교)
서울금융고등학교,"/ 서울금융고등학교 (신월동)"
은평메디텍고등학교,(진관동/은평메디텍고등학교)
서울아이티고등학교,(중계동/서울아이티고등학교)
문현고등학교,(장지동)
강일고등학교,(강일동)
하나고등학교,"/ 하나고등학교 (진관동)"
압구정고등학교,"/ 압구정고등학교 (압구정동)"
상일미디어고등학교,"/ 상일미디어고등학교 (상일동)"
한세사이버보안고등학교,(아현동)
리라아트고등학교,"/ 24 (예장동/리라아트고등학교)"
서울공연예술고등학교,"/ 서울공연예술고등학교 (궁동)"
성동글로벌경영고등학교,"(신당동/ 성동글로벌경영고등학교)"
서울문화고등학교,"/ 서울문화고등학교 (방학동)"
성수고등학교,"/ 성수고등학교 (성수동1가)"
수명고등학교,"/ 수명고등학교 (내발산동)"
신도림고등학교,(신도림동/신도림고등학교)
진관고등학교,(진관동)
은평고등학교,"(구산동/ 은평고등학교)"
연세대학교재활학교,"/ 연세대학교재활학교 (신촌동)"
수도사랑의학교,"/ 수도사랑의학교 (사직동)"
코리아외국인학교,(양재동)
아시아퍼시픽국제외국인학교,(월계동)
하비에르국제학교,(구기동)
재한몽골학교,(광장동)
한국한성화교소학교,(명동2가)
한국켄트외국인학교,(구의동)
한국외국인학교,(개포동)
한국영등포화교소학교,(문래동1가)
지구촌기독외국인학교,(한남동)
서울프랑스학교,(반포동)
서울일본인학교,"/ 일본인학교 (상암동)"
서울독일학교,(한남동)
서울용산국제학교,(한남동)
한국한성화교중고등학교,(연희동)
성암국제무역고등학교,"(미아동/ 성암국제무역고등학교)"
서울방송고등학교,(옥수동)
경복비즈니스고등학교,(등촌동)
대동세무고등학교,(계동)
한강미디어고등학교,(양평동4가/한강미디어고등학교)
구현고등학교,(구로동)
해성여자고등학교,(전농동/해성여자고등학교)
서울국제고등학교,"/ 서울국제고 (명륜1가)"
세종과학고등학교,(궁동)
청암예술학교,(중계동/청암고등기술학교)
보인고등학교,"/ 보인고등학교 (오금동)"
해성국제컨벤션고등학교,"/ 해성국제컨벤션고등학교 (전농동)"
예일디자인고등학교,"/ 예일디자인고등학교 (구산동)"
덕수고등학교,(행당동)
상암고등학교,(상암동)
원묵고등학교,"/ 원묵고등학교 (묵동)"
서울외국인학교,(연희동)
고려대학교사범대학부속고등학교,"/ 고려대학교사범대학부속고등학교 (정릉동)"
서울영상고등학교,"/ 서울영상고등학교 (신정동)"
한양대학교사범대학부속고등학교,(사근동)
효문고등학교,"(쌍문동/효문중 고등학교)"
신서고등학교,"/ 신서고등학교 (신정동)"
세현고등학교,"/ 세현고등학교 (가양동)"
이화여자대학교병설미디어고등학교,"/ 02061 (망우동)"
동국대학교사범대학부속여자고등학교,"/ 동국대부속여고 (구의동)"
목동고등학교,"/ 목동고등학교 (신정동)"
서울디자인고등학교,"/ 서울디자인고등학교 (염리동)"
대진디자인고등학교,(수서동/대진디자인고등학교)
서울관광고등학교,(봉천동/서울관광고등학교)
서울로봇고등학교,"/ 서울로봇고등학교 (일원동)"
성동공업고등학교,(흥인동)
불암고등학교,(중계동)
월계고등학교,(월계동/월계고등학교)
선유고등학교,"/ 선유고등학교 (양평동4가)"
한국제과학교,(신길동)
서서울생활과학고등학교,"/ 서서울생활과학고등학교 (궁동)"
영동일고등학교,"/ 영동일고등학교 (잠실동)"
자운고등학교,(창동)
신현고등학교,"/ 신현고등학교 (상봉동)"
문정고등학교,(문정동/문정고등학교)
등촌고등학교,"/ 등촌고등학교 (등촌동)"
경일고등학교,"/ 경일고등학교 (성수동1가)"
서울문영여자고등학교,"/ 서울문영여자고등학교 (봉천동)"
염광고등학교,(월계동)
상명고등학교,(중계동)
미래산업과학고등학교,(중계동)
방산고등학교,(방이동)
누원고등학교,"/ 누원고등학교 (도봉동)"
은평대영학교,"/ 은평대영학교 (구산동/ 사회복지법인 엔젤스헤이븐)"
서울동천학교,"/ 서울동천학교 (하계동)"
한빛맹학교,"/ 한빛맹학교 (수유동)"
교남학교,"/ 교남학교 (화곡동)"
서울디지텍고등학교,(이태원동)
종로산업정보학교,"(숭인동, 종로산업정보학교)"
아현산업정보학교,"(아현동/ 아현산업정보학교/ 아현직업학교)"
서울산업정보학교,"/ 서울산업정보학교 (신림동)"
노원고등학교,(상계동)
경인고등학교,"/ 경인고등학교 (고척동)"
창동고등학교,"(창동/ 창동고등학교)"
서울경운학교,(경운동)
독산고등학교,"/ 독산고등학교 (독산동)"
수락고등학교,(상계동/수락고등학교)
청원여자고등학교,"/ 청원여자고등학교 (상계동/청원초/중/고등학교)"
이화여자대학교사범대학부속이화금란고등학교,"/ 이대부속고등학교 (대신동)"
오류고등학교,"(궁동/ 오류고등학교)"
세명컴퓨터고등학교,"/ 세명컴퓨터고등학교 (불광동)"
선린인터넷고등학교,(청파동3가)
서울정민학교,"(하계동/ 서울정민학교)"
광성하늘빛학교,"/ 광성하늘빛학교 (풍납동/광성교회)"
서울정인학교,"(수유동/ 정인학교)"
서울정애학교,"/ 서울정애학교 (삼성동)"
서울광진학교,"/ 서울광진학교 (구의동/ 서울광진학교)"
한국육영학교,(장지동/한국육영학교)
한국구화학교,"/ 한국구화학교 (고덕동)"
주몽학교,"/ 주몽학교 (상일동)"
성베드로학교,"/ 성베드로학교 (항동)"
서울애화학교,"/ 서울애화학교 (미아동)"
서울삼성학교,"(상도동/ 서울삼성학교)"
밀알학교,(일원동/밀알학교)
다니엘학교,(내곡동/다니엘학교)
서울정문학교,(신림동)
서울정진학교,"(궁동/ 서울정진학교)"
영등포고등학교부설방송통신고등학교,"/ 대방동 13-2 (대방동/ 영등포고등학교부설방송통신고등학교)"
수도여자고등학교부설방송통신고등학교,"(신대방동, 수도여자고등학교)"
경복고등학교부설방송통신고등학교,(청운동)
경동고등학교부설방송통신고등학교,"(삼선동3가/ 경동고등학교)"
경기여자고등학교부설방송통신고등학교,(개포동/경기여자고등학교)
한양공업고등학교,(신당동)
일신여자상업고등학교,(송파동/일신여자상업고등학교)
유한공업고등학교,(항동)
영등포공업고등학교,(가양동)
수도전기공업고등학교,"/ 수도전기공업고등학교 (개포동)"
서울여자상업고등학교,(봉천동/서울여자상업고등학교)
덕일전자공업고등학교,(오류동)
휘경공업고등학교,"/ 휘경공업고등학교 (휘경동)"
서울공업고등학교,"/ 서울공업고등학교 (대방동)"
경기상업고등학교,(청운동)
경기기계공업고등학교,(하계동)
강서공업고등학교,(방화동/강서공업고등학교)
휘문고등학교,(대치동)
휘경여자고등학교,(휘경동/휘경여자고등학교)
환일고등학교,(만리동2가)
화곡고등학교,"/ 화곡고등학교 (내발산동)"
홍익대학교사범대학부속여자고등학교,"(성산동/ 여자고등학교)"
홍익대학교사범대학부속고등학교,(성북동/홍익대학교부속중고등학교)
혜원여자고등학교,(망우동)
혜성여자고등학교,(하계동)
현대고등학교,"(압구정동/ 현대고등학교)"
한영외국어고등학교,(상일동)
한영고등학교,"(상일동/ 한영고등학교)"
한성여자고등학교,"/ 한성여자고등학교 (삼선동2가)"
한성고등학교,(북아현동)
한서고등학교,(방화동)
한국삼육고등학교,(공릉동)
한광고등학교,(화곡동)
한가람고등학교,(목동)
충암고등학교,(응암동)
청원고등학교,"/ 청원고등학교 (상계동)"
창문여자고등학교,"/ 창문여자고등학교 (미아동)"
진선여자고등학교,(진선여자고등학교/역삼동)
진명여자고등학교,"/ 진명여자고등학교 (목동)"
중앙여자고등학교,(북아현동)
중앙대학교사범대학부속고등학교,"/ 중앙대학교사범대학부속고등학교 (도곡동)"
중앙고등학교,(계동)
중산고등학교,"(일원동/ 중산고등학교)"
중동고등학교,(일원동)
정의여자고등학교,(쌍문동/정의여자고등학교)
정신여자고등학교,"/ 정신여자고등학교 (잠실동)"
재현고등학교,"/ 재현고등학교 (중계동)"
장훈고등학교,"/ 장훈고등학교 (신길동)"
장충고등학교,(신당동)
잠실여자고등학교,"(송파동) 잠실여자고등학교"
인창고등학교,"/ 인창고등학교 (충정로2가)"
이화여자외국어고등학교,(순화동)
이화여자고등학교,"/ 26 (정동)"
은광여자고등학교,(도곡동)
우신고등학교,"/ 우신고등학교 (궁동)"
용화여자고등학교,"/ 용화여자고등학교 (상계동/용화여자고등학교)"
용문고등학교,"(안암동2가/ 용문중고등학교)"
오산고등학교,(보광동)
예일여자고등학교,"/ 예일여자고등학교 (구산동/수위실)"
영훈고등학교,(미아동/학교법인영훈학원)
영파여자고등학교,"/ 영파여자고등학교 (풍납동)"
영일고등학교,"/ 영일고등학교 (등촌동)"
영신여자고등학교,(중계동/영신여자고등학교)
영락고등학교,"/ 영락고등학교 (봉천동)"
영동고등학교,"(청담동/ 영동고등학교)"
양천고등학교,(신정동/양천고등학교)
양정고등학교,(목동/양정고등학교)
신일고등학교,(미아동/신일중고등학교)
신광여자고등학교,"/ 신광여자고등학교 (청파동3가)"
숭의여자고등학교,"/ 숭의여자고등학교 (대방동)"
숭실고등학교,(신사동)
숭문고등학교,(대흥동)
숙명여자고등학교,"/ 숙명여자고등학교 (도곡동)"
송곡여자고등학교,(망우동)
송곡고등학교,(망우동/송곡고등학교)
세화여자고등학교,"/ 세화여자고등학교"
세화고등학교,(반포동)
성심여자고등학교,"/ 성심여자고등학교 (원효로4가)"
성신여자고등학교,(돈암동)
성보고등학교,(신림동/성보고등학교)
성남고등학교,"/ 성남고등학교 (대방동)"
선화예술고등학교,(능동)
선정고등학교,"/ 선정고등학교 (갈현동)"
선일여자고등학교,(갈현동)
선덕고등학교,"/  선덕고등학교 (쌍문동)"
서울외국어고등학교,(창동)
서울예술고등학교,"/ 서울예술고등학교 (평창동)"
서울세종고등학교,"/ 서울세종고등학교 (수서동)"
서울미술고등학교,(봉천동/서울미술고등학교)
서문여자고등학교,(방배동/서문여자고등학교)
서라벌고등학교,"/ (중계1동 313/ 서라벌고등학교)"
상일여자고등학교,"/ 상일여자고등학교 (상일동)"
상문고등학교,(방배동/상문고등학교)
상명대학교사범대학부속여자고등학교,(홍지동/상명대학교)
보성여자고등학교,"/ 보성여자고등학교 (용산동2가)"
보성고등학교,(방이동/보성중고등학교)
백암고등학교,"/ 백암고등학교 (신정동)"
배화여자고등학교,(필운동/배화여자고등학교)
배재고등학교,"(고덕동/배재중 고등학교)"
배문고등학교,(서계동)
배명고등학교,"/ 배명고등학교 (삼전동)"
미림여자고등학교,"/ 미림여자고등학교 (신림동)"
문일고등학교,(시흥동)
명지고등학교,"/ 명지고등학교 (홍은동)"
명덕외국어고등학교,"/ 명덕외국어고등학교 (내발산동/명덕고등학교)"
명덕여자고등학교,(내발산동)
명덕고등학교,(내발산동/명덕고등학교)
마포고등학교,(등촌동/마포고등학교)
동일여자고등학교,"(시흥동/ 동일여자고등학교)"
동성고등학교,(혜화동/동성중고교)
동북고등학교,(둔촌동)
동명여자고등학교,(대조동/동명여자고등학교)
동덕여자고등학교,"/ 동덕여자고등학교 (방배동)"
동국대학교사범대학부속고등학교,(장안동/동국대학교사범대학부속고등학교)
덕원예술고등학교,"/ 덕원예술고등학교 (내발산동)"
덕원여자고등학교,(내발산동/덕원여자고등학교)
덕성여자고등학교,"/ 덕성여자고등학교 (안국동)"
대진여자고등학교,"/ 대진여자고등학교 (중계동)"
대진고등학교,"/ 대진고등학교 (하계동)"
대일외국어고등학교,(정릉동/대일외국어고등학교)
대일고등학교,(등촌동)
대원외국어고등학교,(중곡동)
대원여자고등학교,(중곡동)
대원고등학교,"/ 대원고등학교 (중곡동)"
대신고등학교,(행촌동)
대성고등학교,"/ 대성고등학교 (갈현동)"
대광고등학교,"/ 대광고등학교 (신설동)"
단국대학교사범대학부속고등학교,(대치동)
남강고등학교,(신림동)
광영여자고등학교,"/ 광영여자고등학교 (신월동)"
광영고등학교,(신월동/광영고등학교)
광신고등학교,(신림동/광신중고등학교)
광성고등학교,(신수동)
광문고등학교,"/ 광문고등학교 (고덕동)"
경희여자고등학교,경희여자고등학교
경희고등학교,"(회기동/ 경희고등학교)"
경신고등학교,(혜화동/경신중고등학교)
경성고등학교,"/ 경성고등학교 (연남동)"
경복여자고등학교,"/ 경복여자고등학교 (등촌동)"
경문고등학교,"/ 경문고등학교 (동작동)"
건국대학교사범대학부속고등학교,"/ 건국대학교사범대학부속고등학교 (화양동)"
강서고등학교,"/ 강서고등학교 (목동)"
강동고등학교,(상일동)
혜화여자고등학교,(수유동/혜화여자고등학교)
한성과학고등학교,"/ 한성과학고등학교 (현저동)"
태릉고등학교,"/ 태릉고등학교 (묵동)"
청량고등학교,"(청량리동/ 청량고등학교)"
청담고등학교,"/ 청담고등학교 (압구정동)"
창덕여자고등학교,"/ 창덕여자고등학교 (방이동)"
중화고등학교,"(중화동/ 중화고등학교)"
중경고등학교,(이촌동)
잠실고등학교,"/ 잠실고등학교 (신천동)"
잠신고등학교,"/ 잠신고등학교 (잠실동)"
자양고등학교,(자양동/자양고등학교)
인헌고등학교,(봉천동/인헌고등학교)
용산고등학교,(용산동2가/용산고등학교)
오금고등학교,(오금동)
영신고등학교,"/ 영신고등학교 (신길동/영신고등학교)"
영등포여자고등학교,"/ 영등포여자고등학교  (신길동)184-3"
영등포고등학교,(대방동/영등포고등학교)
여의도여자고등학교,"/ 여의도여자고등학교 (여의도동)"
여의도고등학교,"/ 여의도고등학교 (여의도동)"
언남고등학교,(양재동/언남고등학교)
양재고등학교,(서초동/양재고등학교)
신목고등학교,(신정동/신목고등학교)
신림고등학교,"/ 신림고등학교 (신림동)"
수도여자고등학교,"/ 수도여자고등학교 (신대방동)"
성동고등학교,"/ 성동고등학교 (신당동)"
석관고등학교,"/ 석관고등학교 (석관동)"
서초고등학교,(서초동)
서울체육고등학교,"/ 서울체육고등학교 (방이동)"
서울여자고등학교,"/ 서울여자고등학교 (염리동)"
서울과학고등학교,(명륜1가)
서울고등학교,(서초동/서울고등학교)
상계고등학교,"(상계동/ 상계고등학교)"
삼성고등학교,(신림동)
반포고등학교,(반포동/반포고등학교)
무학여자고등학교,무학여자고등학교
명일여자고등학교,(명일동/명일여자고등학교)
면목고등학교,(면목동/면목고등학교)
둔촌고등학교,(둔촌동/둔촌고등학교)
동작고등학교,(사당동/동작고등학교(복합정보센타))
대영고등학교,"(신길동/ 대영고등학교)"
당곡고등학교,"/ 당곡고등학교 (봉천동)"
금천고등학교,(시흥동/금천고등학교)
금옥여자고등학교,(신정동)
구일고등학교,(구로동)
구로고등학교,"/ 구로고등학교 (구로동)"
광양고등학교,(자양동)
광남고등학교,"/ 광남고등학교 (광장동/ 광남고등학교)"
관악고등학교,(양평동2가)
공항고등학교,"(마곡동/ 공항고등학교)"
고척고등학교,"/ 고척고등학교 (고척동/ 고척고등학교)"
경복고등학교,"/ 경복고등학교 (청운동/경복고등학교)"
경동고등학교,"(삼선동3가/ 경동고등학교)"
경기여자고등학교,"/ 경기여자고등학교 (개포동)"
경기고등학교,"/ 경기고등학교 (삼성동)"
개포고등학교,"(개포동/ 개포고등학교)"
가락고등학교,(송파동/가락고등학교)
국립전통예술중학교,(시흥동)
국립전통예술고등학교,(시흥동)
국립국악중학교,"/ 국립국악중고등학교 (개포동)"
국립국악고등학교,"(개포동/ 국악고등학교)"
한국우진학교,"/ 한국우진학교 (중동)"
서울농학교,(신교동)
서울맹학교,(신교동)
경기기계공업고등학교부설미래기술교육센터,"(하계동/ 경기기계공업고등학교)"
